review_id,review_text,rating,date,platform,app_version,app_name,user_segment
SURGE-016,Can't get the OTP verification code to log in on my phone since morning.,2,2026-09-23 18:02:00,Android,v3.4.0,Telegram Messenger,Telegram Premium
SURGE-051,Worst update ever. App keeps crashing whenever I tap on a group chat or try to log in.,1,2026-09-23 18:13:00,iOS,v3.4.0,Telegram Messenger,Free
SURGE-064,Login failure: 'Cannot connect to server' error continuously appearing after updating.,1,2026-09-23 18:14:00,iOS,v3.4.0,Telegram Messenger,Free
SURGE-041,App force closes after 2 seconds. Reverting back until this 3.4 bug is patched.,1,2026-09-23 18:19:00,iOS,v3.4.0,Telegram Messenger,Telegram Premium
SURGE-095,"Disaster update! Verification SMS is not received, unable to access my work chats.",1,2026-09-23 18:24:00,Android,v3.4.0,Telegram Messenger,Free
SURGE-008,Updated to 3.4 this morning and now I can't log in! The SMS verification code never arrives.,1,2026-09-23 18:27:00,Android,v3.4.0,Telegram Messenger,Free
SURGE-063,"Disaster update! Verification SMS is not received, unable to access my work chats. Device: Pixel 9, OS: Android 14.",1,2026-09-23 18:29:00,Android,v3.4.0,Telegram Messenger,Free
SURGE-058,Can't get the OTP verification code to log in on my phone since morning.,1,2026-09-23 18:32:00,Android,v3.4.0,Telegram Messenger,Free
SURGE-073,Updated to 3.4 this morning and now I can't log in! The SMS verification code never arrives.,1,2026-09-23 18:33:00,Android,v3.4.0,Telegram Messenger,Telegram Premium
SURGE-100,"Updated to 3.4 this morning and now I can't log in! The SMS verification code never arrives. Device: Pixel 7, OS: Android 14.",1,2026-09-23 18:33:00,Android,v3.4.0,Telegram Messenger,Telegram Premium
SURGE-067,Can't get the OTP verification code to log in on my phone since morning.,1,2026-09-23 18:36:00,Android,v3.4.0,Telegram Messenger,Free
SURGE-098,Telegram crashed 5 times in a row right after installing update 3.4.0. Please fix ASAP!,1,2026-09-23 18:39:00,Android,v3.4.0,Telegram Messenger,Free
SURGE-082,"Disaster update! Verification SMS is not received, unable to access my work chats.",1,2026-09-23 18:40:00,Android,v3.4.0,Telegram Messenger,Free
SURGE-085,Why did you push this update? Login is completely broken and authentication fails every time.,1,2026-09-23 18:44:00,Android,v3.4.0,Telegram Messenger,Free
SURGE-088,App crashes immediately on startup since the new update. Totally unusable on Android 14.,1,2026-09-23 18:48:00,Android,v3.4.0,Telegram Messenger,Free
SURGE-084,App crashes immediately on startup since the new update. Totally unusable on Android 14.,1,2026-09-23 18:56:00,iOS,v3.4.0,Telegram Messenger,Free
SURGE-092,Crash on launch after 3.4 update. Cleared cache and reinstalled but still force closing.,1,2026-09-23 19:01:00,Android,v3.4.0,Telegram Messenger,Free
SURGE-040,"Login failure: 'Cannot connect to server' error continuously appearing after updating. Device: Pixel 9, OS: Android 14.",1,2026-09-23 19:01:00,Android,v3.4.0,Telegram Messenger,Free
SURGE-002,Why did you push this update? Login is completely broken and authentication fails every time.,1,2026-09-23 19:02:00,iOS,v3.4.0,Telegram Messenger,Free
SURGE-009,Why did you push this update? Login is completely broken and authentication fails every time.,1,2026-09-23 19:09:00,iOS,v3.4.0,Telegram Messenger,Free
SURGE-029,"Disaster update! Verification SMS is not received, unable to access my work chats. Device: Pixel 6, OS: Android 14.",2,2026-09-23 19:13:00,iOS,v3.4.0,Telegram Messenger,Telegram Premium
SURGE-056,App crashes immediately on startup since the new update. Totally unusable on Android 14.,1,2026-09-23 19:22:00,Android,v3.4.0,Telegram Messenger,Free
SURGE-003,Can't get the OTP verification code to log in on my phone since morning.,1,2026-09-23 19:24:00,Android,v3.4.0,Telegram Messenger,Telegram Premium
SURGE-026,App force closes after 2 seconds. Reverting back until this 3.4 bug is patched.,1,2026-09-23 19:26:00,Android,v3.4.0,Telegram Messenger,Free
SURGE-081,Telegram crashed 5 times in a row right after installing update 3.4.0. Please fix ASAP!,1,2026-09-23 19:27:00,Android,v3.4.0,Telegram Messenger,Telegram Premium
SURGE-089,"Disaster update! Verification SMS is not received, unable to access my work chats.",1,2026-09-23 19:27:00,Android,v3.4.0,Telegram Messenger,Telegram Premium
SURGE-078,Crash on launch after 3.4 update. Cleared cache and reinstalled but still force closing.,2,2026-09-23 19:32:00,iOS,v3.4.0,Telegram Messenger,Free
SURGE-075,Crash on launch after 3.4 update. Cleared cache and reinstalled but still force closing.,1,2026-09-23 19:34:00,Android,v3.4.0,Telegram Messenger,Telegram Premium
SURGE-066,Worst update ever. App keeps crashing whenever I tap on a group chat or try to log in.,2,2026-09-23 19:34:00,iOS,v3.4.0,Telegram Messenger,Free
SURGE-024,Worst update ever. App keeps crashing whenever I tap on a group chat or try to log in.,1,2026-09-23 19:34:00,Android,v3.4.0,Telegram Messenger,Free
SURGE-039,App force closes after 2 seconds. Reverting back until this 3.4 bug is patched.,1,2026-09-23 19:36:00,Android,v3.4.0,Telegram Messenger,Free
SURGE-013,"App crashes immediately on startup since the new update. Totally unusable on Android 14. Device: Pixel 9, OS: Android 14.",1,2026-09-23 19:37:00,iOS,v3.4.0,Telegram Messenger,Free
SURGE-031,"Updated to 3.4 this morning and now I can't log in! The SMS verification code never arrives. Device: Pixel 6, OS: Android 14.",1,2026-09-23 19:48:00,Android,v3.4.0,Telegram Messenger,Telegram Premium
SURGE-059,Telegram crashed 5 times in a row right after installing update 3.4.0. Please fix ASAP!,1,2026-09-23 19:49:00,Android,v3.4.0,Telegram Messenger,Free
SURGE-025,App crashes immediately on startup since the new update. Totally unusable on Android 14.,1,2026-09-23 19:54:00,Android,v3.4.0,Telegram Messenger,Free
SURGE-011,"Login failure: 'Cannot connect to server' error continuously appearing after updating. Device: Pixel 8, OS: Android 14.",1,2026-09-23 19:57:00,Android,v3.4.0,Telegram Messenger,Free
SURGE-093,"Disaster update! Verification SMS is not received, unable to access my work chats. Device: Pixel 8, OS: Android 14.",2,2026-09-23 20:02:00,Android,v3.4.0,Telegram Messenger,Free
SURGE-087,App force closes after 2 seconds. Reverting back until this 3.4 bug is patched.,1,2026-09-23 20:03:00,Android,v3.4.0,Telegram Messenger,Free
SURGE-057,Worst update ever. App keeps crashing whenever I tap on a group chat or try to log in.,1,2026-09-23 20:05:00,Android,v3.4.0,Telegram Messenger,Telegram Premium
SURGE-065,Telegram crashed 5 times in a row right after installing update 3.4.0. Please fix ASAP!,1,2026-09-23 20:06:00,iOS,v3.4.0,Telegram Messenger,Telegram Premium
SURGE-074,"Disaster update! Verification SMS is not received, unable to access my work chats.",1,2026-09-23 20:09:00,Android,v3.4.0,Telegram Messenger,Free
SURGE-027,"App crashes immediately on startup since the new update. Totally unusable on Android 14. Device: Pixel 7, OS: Android 14.",1,2026-09-23 20:12:00,Android,v3.4.0,Telegram Messenger,Free
SURGE-047,Crash on launch after 3.4 update. Cleared cache and reinstalled but still force closing.,1,2026-09-23 20:17:00,iOS,v3.4.0,Telegram Messenger,Free
SURGE-023,Login failure: 'Cannot connect to server' error continuously appearing after updating.,2,2026-09-23 20:18:00,iOS,v3.4.0,Telegram Messenger,Free
SURGE-054,Crash on launch after 3.4 update. Cleared cache and reinstalled but still force closing.,2,2026-09-23 20:21:00,iOS,v3.4.0,Telegram Messenger,Free
SURGE-020,"Updated to 3.4 this morning and now I can't log in! The SMS verification code never arrives. Device: Pixel 7, OS: Android 14.",2,2026-09-23 20:22:00,Android,v3.4.0,Telegram Messenger,Telegram Premium
SURGE-086,Updated to 3.4 this morning and now I can't log in! The SMS verification code never arrives.,1,2026-09-23 20:22:00,Android,v3.4.0,Telegram Messenger,Free
SURGE-022,"Can't get the OTP verification code to log in on my phone since morning. Device: Pixel 7, OS: Android 14.",2,2026-09-23 20:23:00,Android,v3.4.0,Telegram Messenger,Free
SURGE-062,"Crash on launch after 3.4 update. Cleared cache and reinstalled but still force closing. Device: Pixel 9, OS: Android 14.",1,2026-09-23 20:27:00,Android,v3.4.0,Telegram Messenger,Free
SURGE-099,Can't get the OTP verification code to log in on my phone since morning.,1,2026-09-23 20:29:00,Android,v3.4.0,Telegram Messenger,Free
SURGE-030,Can't get the OTP verification code to log in on my phone since morning.,1,2026-09-23 20:32:00,Android,v3.4.0,Telegram Messenger,Free
SURGE-090,Updated to 3.4 this morning and now I can't log in! The SMS verification code never arrives.,2,2026-09-23 20:35:00,Android,v3.4.0,Telegram Messenger,Free
SURGE-048,Worst update ever. App keeps crashing whenever I tap on a group chat or try to log in.,1,2026-09-23 20:37:00,iOS,v3.4.0,Telegram Messenger,Telegram Premium
SURGE-028,Can't get the OTP verification code to log in on my phone since morning.,2,2026-09-23 20:39:00,Android,v3.4.0,Telegram Messenger,Free
SURGE-049,"App crashes immediately on startup since the new update. Totally unusable on Android 14. Device: Pixel 6, OS: Android 14.",1,2026-09-23 20:40:00,Android,v3.4.0,Telegram Messenger,Telegram Premium
SURGE-005,"Worst update ever. App keeps crashing whenever I tap on a group chat or try to log in. Device: Pixel 7, OS: Android 14.",1,2026-09-23 20:40:00,Android,v3.4.0,Telegram Messenger,Telegram Premium
SURGE-091,"Can't get the OTP verification code to log in on my phone since morning. Device: Pixel 6, OS: Android 14.",2,2026-09-23 20:51:00,Android,v3.4.0,Telegram Messenger,Free
SURGE-044,Crash on launch after 3.4 update. Cleared cache and reinstalled but still force closing.,1,2026-09-23 20:52:00,iOS,v3.4.0,Telegram Messenger,Free
SURGE-042,"Disaster update! Verification SMS is not received, unable to access my work chats.",1,2026-09-23 20:56:00,Android,v3.4.0,Telegram Messenger,Free
SURGE-018,Crash on launch after 3.4 update. Cleared cache and reinstalled but still force closing.,1,2026-09-23 20:58:00,iOS,v3.4.0,Telegram Messenger,Free
SURGE-037,"App force closes after 2 seconds. Reverting back until this 3.4 bug is patched. Device: Pixel 8, OS: Android 14.",1,2026-09-23 21:11:00,Android,v3.4.0,Telegram Messenger,Free
SURGE-068,App crashes immediately on startup since the new update. Totally unusable on Android 14.,1,2026-09-23 21:17:00,Android,v3.4.0,Telegram Messenger,Telegram Premium
SURGE-004,Updated to 3.4 this morning and now I can't log in! The SMS verification code never arrives.,1,2026-09-23 21:30:00,iOS,v3.4.0,Telegram Messenger,Free
SURGE-045,"App force closes after 2 seconds. Reverting back until this 3.4 bug is patched. Device: Pixel 6, OS: Android 14.",1,2026-09-23 21:31:00,iOS,v3.4.0,Telegram Messenger,Telegram Premium
SURGE-006,"Disaster update! Verification SMS is not received, unable to access my work chats. Device: Pixel 9, OS: Android 14.",1,2026-09-23 21:35:00,Android,v3.4.0,Telegram Messenger,Free
SURGE-069,Worst update ever. App keeps crashing whenever I tap on a group chat or try to log in.,1,2026-09-23 21:35:00,iOS,v3.4.0,Telegram Messenger,Free
SURGE-077,Why did you push this update? Login is completely broken and authentication fails every time.,1,2026-09-23 21:39:00,Android,v3.4.0,Telegram Messenger,Free
SURGE-010,Crash on launch after 3.4 update. Cleared cache and reinstalled but still force closing.,1,2026-09-23 21:52:00,Android,v3.4.0,Telegram Messenger,Free
SURGE-070,"Disaster update! Verification SMS is not received, unable to access my work chats.",1,2026-09-23 21:55:00,Android,v3.4.0,Telegram Messenger,Free
SURGE-034,Telegram crashed 5 times in a row right after installing update 3.4.0. Please fix ASAP!,1,2026-09-23 21:59:00,Android,v3.4.0,Telegram Messenger,Free
SURGE-014,"Updated to 3.4 this morning and now I can't log in! The SMS verification code never arrives. Device: Pixel 7, OS: Android 14.",1,2026-09-23 22:03:00,Android,v3.4.0,Telegram Messenger,Free
SURGE-060,Why did you push this update? Login is completely broken and authentication fails every time.,1,2026-09-23 22:06:00,Android,v3.4.0,Telegram Messenger,Telegram Premium
SURGE-038,Login failure: 'Cannot connect to server' error continuously appearing after updating.,1,2026-09-23 22:07:00,Android,v3.4.0,Telegram Messenger,Telegram Premium
SURGE-035,Why did you push this update? Login is completely broken and authentication fails every time.,1,2026-09-23 22:10:00,Android,v3.4.0,Telegram Messenger,Telegram Premium
SURGE-021,Telegram crashed 5 times in a row right after installing update 3.4.0. Please fix ASAP!,1,2026-09-23 22:11:00,iOS,v3.4.0,Telegram Messenger,Free
SURGE-012,Can't get the OTP verification code to log in on my phone since morning.,1,2026-09-23 22:12:00,Android,v3.4.0,Telegram Messenger,Free
SURGE-096,"Telegram crashed 5 times in a row right after installing update 3.4.0. Please fix ASAP! Device: Pixel 6, OS: Android 14.",1,2026-09-23 22:12:00,Android,v3.4.0,Telegram Messenger,Telegram Premium
SURGE-043,Telegram crashed 5 times in a row right after installing update 3.4.0. Please fix ASAP!,1,2026-09-23 22:15:00,Android,v3.4.0,Telegram Messenger,Telegram Premium
SURGE-094,Can't get the OTP verification code to log in on my phone since morning.,2,2026-09-23 22:17:00,Android,v3.4.0,Telegram Messenger,Free
SURGE-072,Login failure: 'Cannot connect to server' error continuously appearing after updating.,1,2026-09-23 22:20:00,Android,v3.4.0,Telegram Messenger,Free
SURGE-083,"Worst update ever. App keeps crashing whenever I tap on a group chat or try to log in. Device: Pixel 7, OS: Android 14.",1,2026-09-23 22:25:00,iOS,v3.4.0,Telegram Messenger,Free
SURGE-033,Can't get the OTP verification code to log in on my phone since morning.,2,2026-09-23 22:25:00,Android,v3.4.0,Telegram Messenger,Free
SURGE-036,Login failure: 'Cannot connect to server' error continuously appearing after updating.,2,2026-09-23 22:30:00,Android,v3.4.0,Telegram Messenger,Free
SURGE-097,Can't get the OTP verification code to log in on my phone since morning.,1,2026-09-23 22:36:00,Android,v3.4.0,Telegram Messenger,Free
SURGE-055,Can't get the OTP verification code to log in on my phone since morning.,1,2026-09-23 22:43:00,Android,v3.4.0,Telegram Messenger,Free
SURGE-053,Login failure: 'Cannot connect to server' error continuously appearing after updating.,1,2026-09-23 22:46:00,iOS,v3.4.0,Telegram Messenger,Free
SURGE-076,Crash on launch after 3.4 update. Cleared cache and reinstalled but still force closing.,1,2026-09-23 22:49:00,Android,v3.4.0,Telegram Messenger,Free
SURGE-061,Telegram crashed 5 times in a row right after installing update 3.4.0. Please fix ASAP!,1,2026-09-23 22:49:00,Android,v3.4.0,Telegram Messenger,Telegram Premium
SURGE-052,Updated to 3.4 this morning and now I can't log in! The SMS verification code never arrives.,2,2026-09-23 22:51:00,Android,v3.4.0,Telegram Messenger,Telegram Premium
SURGE-079,"Crash on launch after 3.4 update. Cleared cache and reinstalled but still force closing. Device: Pixel 7, OS: Android 14.",2,2026-09-23 23:00:00,Android,v3.4.0,Telegram Messenger,Telegram Premium
SURGE-001,App crashes immediately on startup since the new update. Totally unusable on Android 14.,1,2026-09-23 23:03:00,Android,v3.4.0,Telegram Messenger,Free
SURGE-017,Telegram crashed 5 times in a row right after installing update 3.4.0. Please fix ASAP!,1,2026-09-23 23:04:00,Android,v3.4.0,Telegram Messenger,Free
SURGE-046,Crash on launch after 3.4 update. Cleared cache and reinstalled but still force closing.,1,2026-09-23 23:09:00,Android,v3.4.0,Telegram Messenger,Free
SURGE-050,Login failure: 'Cannot connect to server' error continuously appearing after updating.,1,2026-09-23 23:40:00,Android,v3.4.0,Telegram Messenger,Free
SURGE-015,"App force closes after 2 seconds. Reverting back until this 3.4 bug is patched. Device: Pixel 6, OS: Android 14.",1,2026-09-23 23:45:00,iOS,v3.4.0,Telegram Messenger,Free
SURGE-080,Worst update ever. App keeps crashing whenever I tap on a group chat or try to log in.,1,2026-09-23 23:47:00,Android,v3.4.0,Telegram Messenger,Free
SURGE-019,App force closes after 2 seconds. Reverting back until this 3.4 bug is patched.,1,2026-09-23 23:51:00,Android,v3.4.0,Telegram Messenger,Free
SURGE-071,Telegram crashed 5 times in a row right after installing update 3.4.0. Please fix ASAP!,1,2026-09-23 23:52:00,iOS,v3.4.0,Telegram Messenger,Free
SURGE-007,Telegram crashed 5 times in a row right after installing update 3.4.0. Please fix ASAP!,1,2026-09-23 23:52:00,Android,v3.4.0,Telegram Messenger,Free
SURGE-032,"Telegram crashed 5 times in a row right after installing update 3.4.0. Please fix ASAP! Device: Pixel 7, OS: Android 14.",1,2026-09-23 23:54:00,iOS,v3.4.0,Telegram Messenger,Telegram Premium
