label_id,review_text,human_sentiment,labeler_confidence,notes,_hidden_rating,_hidden_review_id
HL-001,It's better than whatsapp,positive,high,Clear positive praise,5,REV-14665
HL-002,"I hate stikers in this """"""""""""""""Please urge your company to remove the stickers as insulting to buddhism here.And indeed worried about what to include such""""""""""""""""""""",negative,high,Clear negative issue or complaint,1,REV-15485
HL-003,Difficult to handle file sharing,neutral,low,Short / ambiguous comment without strong sentiment lexicon,3,REV-15680
HL-004,best massaging app ever,positive,high,Clear positive praise,5,REV-14827
HL-005,Service is not good. account deleting issues. I try many times but not deleted,mixed,high,Explicit contrastive conjunction with conflicting polarity,1,REV-10496
HL-006,I am using Samsung galaxy S7 edge. I m not getting number of notification alerts on this telegram icon.,neutral,low,Short / ambiguous comment without strong sentiment lexicon,3,REV-16240
HL-007,i wanna add a new sticker in my pack. The stickers bot said it's done but i can't see that in my pack. And it same about deleting them too.,negative,high,Clear negative issue or complaint,3,REV-18100
HL-008,Telegram You are the best,positive,high,Clear positive praise,4,REV-17681
HL-009,Rivoglio il Telegram di prima Non copiate WhatsApp  per favore. Adoravo la possibilità di utilizzare gli asterischi senza il grassetto  e le emoticon sono cambiate  sono diventate orrende,neutral,low,Short / ambiguous comment without strong sentiment lexicon,1,REV-15242
HL-010,good but notification list not desply,mixed,high,Contrasting clauses,3,REV-13932
HL-011,Thank god super,positive,high,Clear positive praise,5,REV-19525
HL-012,No way to export secure chats history.,neutral,low,Short / ambiguous comment without strong sentiment lexicon,3,REV-17677
HL-013,Good Very nice,positive,high,Clear positive praise,5,REV-16177
HL-014,Good This is good and bad,mixed,high,Contrasting clauses,4,REV-17444
HL-015,Hi Real good,positive,high,Clear positive praise,5,REV-17208
HL-016,We are all traceable by this application. In authoritarian countries  that means death!,neutral,low,Short / ambiguous comment without strong sentiment lexicon,1,REV-19475
HL-017,NAD . this app is very bad . never download this,negative,high,Clear negative issue or complaint,1,REV-13493
HL-018,App is good but sometime it takes a lot of time to connect.....connecting and connecting....... .,mixed,high,Contrasting clauses,3,REV-16810
HL-019,Some countries unable to connect,neutral,low,Short / ambiguous comment without strong sentiment lexicon,3,REV-14787
HL-020,Comfortable & easy app to use,positive,high,Clear positive praise,4,REV-11187
HL-021,Just a messaging app? Dont get it,neutral,medium,Feature inquiry / suggestion without strong polarity,3,REV-10579
HL-022,Anil Kumar,neutral,low,Short / ambiguous comment without strong sentiment lexicon,2,REV-10293
HL-023,pLease add Voice Call and Video Call  likes WA. Big Thanks. 👍👍👍👍👍 will give 5Stars later.,positive,high,Clear positive praise,2,REV-18327
HL-024,nc way to connect with people with new way I like it,neutral,low,Short / ambiguous comment without strong sentiment lexicon,3,REV-10376
HL-025,Good Good Apps,positive,high,Clear positive praise,4,REV-12736
HL-026,The new emoji are DISGUSTING  and many people agree with me. Can't even use them without feeling weird anymore.,negative,high,Clear negative issue or complaint,1,REV-11899
HL-027,Open source projects are probably abandoned... not updated for more than months... No end to end encryption for bots. No support. The support account NEVER replies. Connected with your phone number.,neutral,low,Short / ambiguous comment without strong sentiment lexicon,2,REV-13527
HL-028,Good I like this app,positive,high,Clear positive praise,5,REV-14833
HL-029,Cannot add other people in to the groupchat!!!,negative,high,Clear negative issue or complaint,2,REV-17255
HL-030,Best messaging app Why not include in teligram video feature to see chatting person as like in KiK app,positive,high,Clear positive praise,4,REV-11297
HL-031,Teligram So nice,positive,high,Clear positive praise,2,REV-18202
HL-032,Nice Suuperb,positive,high,Clear positive praise,4,REV-19103
HL-033,Beem Super,positive,high,Clear positive praise,1,REV-17414
HL-034,In IOS it's very useful and user friendlier than android,positive,high,Clear positive praise,3,REV-16468
HL-035,Honhonhon Good and easy to use,positive,high,Clear positive praise,4,REV-14622
HL-036,profile picture should hidden and high security but now every body can see my profile pictures,neutral,low,Short / ambiguous comment without strong sentiment lexicon,1,REV-15705
HL-037,"If you guys can't solve its connectivity problem then bring minor or '' custom themes'' are useless. I Don't like it not only bcz it has no voice and video chat but since its last update I can't receive messages neither I can send any  whenever I try to send a message it starts showing """"connecting"""" and this connecting process takes ages to connect though all my other apps work fine as and Internet connection is fiber optic and in use 24/7.",negative,high,Clear negative issue or complaint,2,REV-14491
HL-038,awesome app i hate new whatsapp  thanks,mixed,medium,Mixed polarity signals across sentences,5,REV-11215
HL-039,Join it Nothing,neutral,low,Short / ambiguous comment without strong sentiment lexicon,4,REV-16571
HL-040,I am no longer able to pin channels and contacts to the top of the list  please it is one of the best features of the app  alongside the calls and other features  please bring it back,positive,high,Clear positive praise,4,REV-19803
HL-041,Needs an ability to pin the favorite chats/channels to the top of the main list or make folders for them to organize them.,neutral,medium,Feature inquiry / suggestion without strong polarity,3,REV-11856
HL-042,Useful Hey  This is very useful app but uploading process is slow as compare to other apps!!,mixed,high,Explicit contrastive conjunction with conflicting polarity,3,REV-14811
HL-043,Please make it able to categorize groups and channels! It's Fine and very helpful  please make it able to categorize channels and groups.,positive,high,Clear positive praise,5,REV-19991
HL-044,Excellent Excellent app,positive,high,Clear positive praise,5,REV-17455
HL-045,It needs more improvement,neutral,medium,Feature inquiry / suggestion without strong polarity,3,REV-11317
HL-046,Why I can't sent pictures?,negative,high,Clear negative issue or complaint,1,REV-17929
HL-047,Not working 😠,negative,high,Clear negative issue or complaint,1,REV-17289
HL-048,Poor implementation of material design. The font size wouldn't change when I change it via system settings. (Edit) In respond for the reply : Not the chat font size. But the overall font size.,negative,high,Clear negative issue or complaint,1,REV-17936
HL-049,When i started using Telegram i was thinking that it was worse and i uninstalled it but my friend asked me for talking to me on telegram as he was gonna send me something throuhg Telegram  i started using it again and i loved it. It is amazing.,positive,high,Clear positive praise,5,REV-10212
HL-050,People who have telegram is not being shown in my contact list,neutral,medium,Feature inquiry / suggestion without strong polarity,3,REV-17284
HL-051,This update is no voice call 👎,negative,high,Clear negative issue or complaint,2,REV-19613
HL-052,So good Kdk,positive,high,Clear positive praise,2,REV-16588
HL-053,I like it that's good personaly but its st oil good I don't know why,positive,high,Clear positive praise,5,REV-17625
HL-054,Indian app G,neutral,low,Short / ambiguous comment without strong sentiment lexicon,4,REV-17817
HL-055,Odilbek I Love Uzbekistanb,positive,high,Clear positive praise,4,REV-19373
HL-056,Thats good but is not very safe ...,mixed,high,Contrasting clauses,4,REV-13717
HL-057,Naveen Kumar ji,neutral,low,Short / ambiguous comment without strong sentiment lexicon,2,REV-10636
HL-058,A veryy good app.... love it my email is alex_smith@yahoo.com please fix,positive,high,Clear positive praise,4,REV-11379
HL-059,Internal video player sucks There are lots of problems with internal video player,negative,high,Clear negative issue or complaint,2,REV-13553
HL-060,User friendly Superb,positive,high,Clear positive praise,4,REV-19138
HL-061,Dia connecting mulu . Padahal sinyal aku lagi bagus bgt. Dibuat download apps di playstore cepet tapi buat connect di apps ini eror mulu. Knp nih? Tolong bantuannya ya,negative,high,Clear negative issue or complaint,2,REV-19014
HL-062,Remove lord buddah sticker pack I hate this app,negative,high,Clear negative issue or complaint,1,REV-13387
HL-063,Copy of WhatsApp,neutral,low,Short / ambiguous comment without strong sentiment lexicon,2,REV-18268
HL-064,Not bad.and It's very easy.,mixed,medium,Mixed polarity signals across sentences,3,REV-14154
HL-065,خوب نیست چون بیشتر نرم افزار هارا در خود ندارد مثل برنامه B612,neutral,low,Short / ambiguous comment without strong sentiment lexicon,2,REV-15643
HL-066,Excellent application I loved the app!!!!,positive,high,Clear positive praise,5,REV-18533
HL-067,Best messanger - also because of the bot support,positive,high,Clear positive praise,5,REV-10296
HL-068,Just moved in from WhatsApp. At the moment  it satisfies all my messaging needs. I will be updating this review as I get to know the app better. Thank you.,positive,high,Clear positive praise,3,REV-19306
HL-069,Please add interactive notifications (view picture  show location  listen voice message...),neutral,medium,Feature inquiry / suggestion without strong polarity,5,REV-10599
HL-070,Latest version 3.17+ has noticeable lagging when scrolling chat list. Seems it connected somehow with newly implemented custom themes engine  which causes such behavior. Inside chats it's OK. Hope that will be fixed asap,negative,high,Clear negative issue or complaint,3,REV-18412
HL-071,WhatsApp very good anything,positive,high,Clear positive praise,1,REV-19953
HL-072,Such a WhatsApp wannabe,neutral,low,Short / ambiguous comment without strong sentiment lexicon,1,REV-16359
HL-073,One of the best app Its different sticker on the app,positive,high,Clear positive praise,1,REV-12382
HL-074,Still optimisation required to meet users requirement,neutral,low,Short / ambiguous comment without strong sentiment lexicon,2,REV-14004
HL-075,No fingerprint lock With the last update I can't use my fingerprint to unlock the app anymore.,negative,high,Clear negative issue or complaint,2,REV-17711
HL-076,Hangs a lot.. After the recent update.. it zooms and hang often.. otherwise a good app,mixed,high,Explicit contrastive conjunction with conflicting polarity,2,REV-14853
HL-077,Problem is just the calls that there is delay for transfer and receiving voice in calls,negative,high,Clear negative issue or complaint,4,REV-18570
HL-078,games my phone samsung coreprime i cant play olympic games its blackout,neutral,low,Short / ambiguous comment without strong sentiment lexicon,4,REV-10798
HL-079,Anand Super plz use the telegram and save the indian army,positive,high,Clear positive praise,2,REV-12492
HL-080,BRING REGULAR CALLS & VIDEO CALLS TO TELEGRAM. Im really loving this App. The fact I can send tons of photos without any limit  send and receive docs and recoord the loongest VNs on earth is really cool  it is literally the coolest thing ever in comparison to WhatsApp and Facebook. The only reason I am giving this App 4 stars is 'cos it cant make regular calls & Video calls  so to make Telegram way better by 5x with all these other mainstream Apps  kindly bring regular calls & video calls to Telegram ☺. Otherwise I recommend this App. SUPER COOL!! 🔥🙌,positive,high,Clear positive praise,4,REV-11354
HL-081,Best app for shearing pics..,positive,high,Clear positive praise,4,REV-17510
HL-082,Nice application for the use of the day,positive,high,Clear positive praise,4,REV-10720
HL-083,Notification problems Ever since the new update i haven't been getting notifications,negative,high,Clear negative issue or complaint,2,REV-18749
HL-084,The best messager in this time,positive,high,Clear positive praise,5,REV-12752
HL-085,Something missing... Very good app but some feautures missing...like deleting group chat history :/ even if u delete group chat cache  it still loads full chat history again and again and...,mixed,high,Explicit contrastive conjunction with conflicting polarity,3,REV-13802
HL-086,Telegram is not accessible for visually impaired people!,neutral,low,Short / ambiguous comment without strong sentiment lexicon,2,REV-13603
HL-087,Good app  fast and apparently secure one too. But still i have a problem with desktop version in which when you press above button  its function automatically will switch into edit and it make you trouble.,mixed,high,Explicit contrastive conjunction with conflicting polarity,4,REV-14296
HL-088,Good features,positive,high,Clear positive praise,5,REV-19060
HL-089,I need to create PDF form yourself chat and private chat..Mobogram save and keeps changing photo profile this is very very bad...,negative,high,Clear negative issue or complaint,1,REV-16427
HL-090,good apps👍👍,positive,high,Clear positive praise,4,REV-12861
HL-091,Five star app,positive,high,Clear positive praise,5,REV-18435
HL-092,The best messaging app by far. Anyway has it's own little bugs. No way to change messages look when editing themes.,mixed,medium,Mixed polarity signals across sentences,5,REV-15605
HL-093,Great But I just hate that at times it just does not want to open images I even restart my phone without any help work on this,mixed,high,Explicit contrastive conjunction with conflicting polarity,3,REV-11228
HL-094,I dont think it should be phone based.,neutral,low,Short / ambiguous comment without strong sentiment lexicon,1,REV-13591
HL-095,It's actually pretty good  but.... The app is pretty awesome  but I've been having a delay in messaging. The message gets sent through just fine at my end but receiving at the other end can take anywhere between 2 minutes to two hours. There has even been instances of the delay being more than a day. My friend is almost always connected to his WiFi so I know that internet is not the issue as messages do go through other apps  just not this one. I hope that this will be something you take into consideration for a later update.,mixed,high,Explicit contrastive conjunction with conflicting polarity,3,REV-16430
HL-096,Super Be indian buy indian,positive,high,Clear positive praise,5,REV-19387
HL-097,Still waiting for calls my email is alex_smith@yahoo.com please fix,neutral,low,Short / ambiguous comment without strong sentiment lexicon,3,REV-11586
HL-098,I fed up with this spam u know can u update your app again and make spams only for group that blocked u . Not for another groups. U know i can't send letters to my form my groups strengers but they didn't spammed me how it can be. Comprehension pls! I have liked this app. But now it is not. Understandable?,negative,high,Clear negative issue or complaint,2,REV-15174
HL-099,It's so speed It is really a telegram,neutral,low,Short / ambiguous comment without strong sentiment lexicon,4,REV-11312
HL-100,Contacts is not synchronised As WhatsApp when it installed contacts in our mobile automatically synchronised..but in this telegram application contact synchronisation is not there... please let me know how to do this..,neutral,medium,Feature inquiry / suggestion without strong polarity,3,REV-15522
HL-101,Very bad Please urge your company to remove the stickers as insulting to Buddhism here. And indeed worried about what to include such,negative,high,Clear negative issue or complaint,1,REV-14723
HL-102,Phone number very bad im not reg in telegram im very deleted account and reg please help me google,negative,high,Clear negative issue or complaint,1,REV-13209
HL-103,Notification Issue Sometimes it does not show notifications of messages received then i start using PLUSMESSENGER. And sometimes plusmessenger starts doing the same thing then i use official TG App,negative,high,Clear negative issue or complaint,4,REV-19892
HL-104,Best messaging app for in my opinion  keep up the good work,positive,high,Clear positive praise,5,REV-17360
HL-105,tes di coba dulu,neutral,low,Short / ambiguous comment without strong sentiment lexicon,3,REV-19157
HL-106,Bug Not working,negative,high,Clear negative issue or complaint,5,REV-14423
HL-107,Great application Its great application better than what's app and other social applicationbut need some improvement the video sending is very low non other than all is good.,positive,high,Clear positive praise,3,REV-11811
HL-108,It's just a little more secure than WhatsApp. Use Signal people!,neutral,medium,Feature inquiry / suggestion without strong polarity,3,REV-19197
HL-109,Fantastic program,positive,high,Clear positive praise,5,REV-17058
HL-110,More than 20 minutes to send small voice note  photos and videos too.. please fix this. Make it fast like other apps.,neutral,low,Short / ambiguous comment without strong sentiment lexicon,2,REV-10893
HL-111,Wish this was an app that didn't need a phone number,neutral,medium,Feature inquiry / suggestion without strong polarity,2,REV-17891
HL-112,Great app  super helpful.,positive,high,Clear positive praise,4,REV-15658
HL-113,Good Beautiful,positive,high,Clear positive praise,4,REV-15236
HL-114,I can't take a shortcut on it,negative,high,Clear negative issue or complaint,1,REV-11259
HL-115,S i Love Very nice,positive,high,Clear positive praise,4,REV-13203
HL-116,Stop Banning People bcos someone said he thinks its spam. Now i want to talk to mutual friends who just joined Telegram I cannot bcos of your Ban. Very irritating,negative,high,Clear negative issue or complaint,3,REV-19294
HL-117,end-to-end encryption and delayed messages I like a lot of telegram  it has a tons of resources  but unfortunately end-to-end encryption it's not enabled by default; another problem is  all messages are delivered delayed.,negative,high,Clear negative issue or complaint,2,REV-18212
HL-118,Requires your phone and sms permission from the start. Avoid if possible.,neutral,low,Short / ambiguous comment without strong sentiment lexicon,1,REV-11915
HL-119,All the best,positive,high,Clear positive praise,4,REV-12890
HL-120,There is video call or not... please tell me.....,neutral,low,Short / ambiguous comment without strong sentiment lexicon,2,REV-17827
HL-121,Awesome application .. It work better than hike... chat lock option is unique in this app.... totally fab...,positive,high,Clear positive praise,4,REV-12028
HL-122,Error invalid number on cdma network. Support not answering - only useless bot messages.,negative,high,Clear negative issue or complaint,1,REV-11779
HL-123,This is possible hack others we need to improve I like to use telegram but we need security,negative,high,Clear negative issue or complaint,1,REV-13631
HL-124,One of the best I confirm it is👍,positive,high,Clear positive praise,5,REV-19761
HL-125,I can't sign up Just downloaded it and got to the registration progress. But when I type in my name  it blocked me from signing up,negative,high,Clear negative issue or complaint,2,REV-13290
HL-126,I hate This app included consulting sticker buddhism,negative,high,Clear negative issue or complaint,1,REV-10150
HL-127,Why am I automatically joining some channels??? It is a significant security issue! I do not want to be joined channels without any action from my side. What is going on in the telegram?? Please give us an ability to filter channels  no one should be able to subscribe us to channels on behalf of us. An update can fix this and we can disable joining channels manually.,negative,high,Clear negative issue or complaint,1,REV-16516
HL-128,I wish the app had an undone share contact button because sometimes it glitches and it shares you contact with the wrong Person! I hate it !,negative,high,Clear negative issue or complaint,1,REV-10000
HL-129,No call ability!!,neutral,low,Short / ambiguous comment without strong sentiment lexicon,4,REV-17459
HL-130,Used to be great And then 1 update came that made the app unusable. Whenever in group chat the persons image is displayed after the end of his sentences  not before. Makes reading the chat a pain. And they did that on all devices... Give option for the old layout or bring it back. Why make changes that are negative?,mixed,medium,Mixed polarity signals across sentences,1,REV-11758
HL-131,"Good but misleading A good alternative to iMessage/Skype etc. that's easy to use and works on all platforms. However  only """"""""""""""""secret"""""""""""""""" chats have end to end encryption and they're not available on desktop.""""",mixed,high,Contrasting clauses,3,REV-10009
HL-132,Still doesn't have Persian language I removed my 5 stars. Sorry but you need to respect Persian people.,neutral,low,Short / ambiguous comment without strong sentiment lexicon,1,REV-19745
HL-133,Great app yarrr No need to describe,positive,high,Clear positive praise,5,REV-16697
HL-134,Video call. Where is the option of video call???,neutral,medium,Feature inquiry / suggestion without strong polarity,3,REV-12766
HL-135,Not able to login because I've done multiple attempts  give me my account back !!!,negative,high,Clear negative issue or complaint,1,REV-17964
HL-136,Remove modern Buddha stiker pack.,neutral,low,Short / ambiguous comment without strong sentiment lexicon,2,REV-18956
HL-137,Messages are disappearing into the ether in Private chats; notifications only  but zero messages,neutral,low,Short / ambiguous comment without strong sentiment lexicon,3,REV-11557
HL-138,"Fix it Telegram always say """"""""""""""""""""""""""""""""connecting..."""""""""""""""""""""""""""""""" in my lenovo mobile""""",neutral,low,Short / ambiguous comment without strong sentiment lexicon,2,REV-10030
HL-139,Please stop renaming my files when downloading!,negative,high,Clear negative issue or complaint,5,REV-10539
HL-140,Wonderful app This is too much useful to us.. Amazing. I love it,positive,high,Clear positive praise,1,REV-19347
HL-141,It is s good app for chat and sharing file,positive,high,Clear positive praise,5,REV-18290
HL-142,Great messaging app!,positive,high,Clear positive praise,5,REV-18789
HL-143,All abouts good,positive,high,Clear positive praise,4,REV-10551
HL-144,Can't sync contact Contact on telegram can't sync from my contact who have telegram. Please help. I'm using asus zenfone 3 laser  and I had allowed app permissions,negative,high,Clear negative issue or complaint,2,REV-16496
HL-145,I don't get notification and it's always searching for network,neutral,low,Short / ambiguous comment without strong sentiment lexicon,2,REV-15365
HL-146,Best App Ever,positive,high,Clear positive praise,5,REV-10722
HL-147,It's very good.thank's,positive,high,Clear positive praise,5,REV-18154
HL-148,Deleted supergroup comes again in history after leaving and deleting.,negative,high,Clear negative issue or complaint,3,REV-10646
HL-149,Update needed After update it has become very slow. Messages are sent very slow even at high Internet speeds. Downloading media takes top long. Please fix it.,negative,high,Clear negative issue or complaint,2,REV-10724
HL-150,cause that make make use much resource (RAM and memory). this app awesome  maybe in the next this app popular like Whats*pp who has block this. 😊 Now telegram Awesome,positive,high,Clear positive praise,5,REV-13647
